INSERT INTO entry (ID , NAME) VALUES (1, 'February 2018');
INSERT INTO entry (ID , NAME) VALUES (2, 'April 2018');
INSERT INTO entry (ID , NAME) VALUES (3, 'August 2018');
INSERT INTO entry (ID , NAME) VALUES (4, 'October 2018');
INSERT INTO entry (ID , NAME) VALUES (5, 'February 2019');
INSERT INTO entry (ID , NAME) VALUES (6, 'April 2019');
INSERT INTO entry (ID , NAME) VALUES (7, 'August 2019');
INSERT INTO entry (ID , NAME) VALUES (8, 'October 2019');

--BLOCKs
INSERT INTO block (ID,START_DATE, END_DATE, BLOCK_NAME, BLOCK_DAYS) VALUES(1 ,'2016-10-01', '2016-10-30','2016-October' ,21);
INSERT INTO block (ID,START_DATE, END_DATE, BLOCK_NAME, BLOCK_DAYS) VALUES(2 ,'2016-11-01', '2016-11-30','2016-November',22 );
INSERT INTO block (ID,START_DATE, END_DATE, BLOCK_NAME, BLOCK_DAYS) VALUES(3 ,'2016-12-01', '2016-12-30','2016-December',22 );
INSERT INTO block (ID,START_DATE, END_DATE, BLOCK_NAME, BLOCK_DAYS) VALUES(4 ,'2017-01-01', '2017-01-31','2017-January' ,22);
INSERT INTO block (ID,START_DATE, END_DATE, BLOCK_NAME, BLOCK_DAYS) VALUES(5 ,'2017-02-01', '2017-02-28','2017-February' ,12);
INSERT INTO block (ID,START_DATE, END_DATE, BLOCK_NAME, BLOCK_DAYS) VALUES(6 ,'2017-03-01', '2017-03-31','2017-March',22 );




--COURSEs
INSERT INTO course (ID,NAME) VALUES (1 ,'FPP' );
INSERT INTO course (ID,NAME) VALUES (2 ,'MPP' );
INSERT INTO course (ID,NAME) VALUES (3 ,'WAP' );
INSERT INTO course (ID,NAME) VALUES (4 ,'EA' );
INSERT INTO course (ID,NAME) VALUES (5 ,'WAA' );
INSERT INTO course (ID,NAME) VALUES (6 ,'Algorithms');
INSERT INTO course (ID,NAME) VALUES (7 ,'ASD' );
INSERT INTO course (ID,NAME) VALUES (8 ,'STC');




--FACULTYs
INSERT INTO FACULTY(ID,NAME, USERNAME) VALUES (1, 'Tina','tina');
INSERT INTO FACULTY(ID,NAME, USERNAME) VALUES (2, 'Joe Bruen', 'jbruen');
INSERT INTO FACULTY(ID,NAME, USERNAME) VALUES (3, 'Renuka' , 'renuka');


--SECTIONs
INSERT INTO section (ID,BLOCK_ID, COURSE_ID,FACULTY_ID) VALUES (1 ,1, 1,1);
INSERT INTO section (ID,BLOCK_ID, COURSE_ID,FACULTY_ID) VALUES (2 ,1, 1,3);
INSERT INTO section (ID,BLOCK_ID, COURSE_ID,FACULTY_ID) VALUES (3 ,2, 2,1);
INSERT INTO section (ID,BLOCK_ID, COURSE_ID,FACULTY_ID) VALUES (4 ,3, 3,2);
INSERT INTO section (ID,BLOCK_ID, COURSE_ID,FACULTY_ID) VALUES (5 ,4, 8,1);
INSERT INTO section (ID,BLOCK_ID, COURSE_ID,FACULTY_ID) VALUES (6 ,5, 5,1);
INSERT INTO section (ID,BLOCK_ID, COURSE_ID,FACULTY_ID) VALUES (7 ,6, 6,1);




--This is for the Student

INSERT INTO student (ID,BAR_CODE, STUDENT_ID,ENTRY_ID,FIRST_NAME,LAST_NAME) VALUES(1 ,'7888','091043',1,'Semhar','Welde' );
INSERT INTO student (ID,BAR_CODE, STUDENT_ID,ENTRY_ID,FIRST_NAME,LAST_NAME) VALUES(2 ,'7474', '987174',1,'Musab','Alkhatib' );

INSERT INTO student (ID,BAR_CODE, STUDENT_ID,ENTRY_ID,FIRST_NAME,LAST_NAME) VALUES(3 ,'7839', '986984' ,2,'Selomie','Teshome');
INSERT INTO student (ID,BAR_CODE, STUDENT_ID,ENTRY_ID,FIRST_NAME,LAST_NAME) VALUES(4 ,'7771', '986899', 2,'Abdu','Edris');




--STUDENT SECTIONs
INSERT INTO STUDENT_SECTIONS (STUDENT_LIST_ID, SECTIONS_ID  ) VALUES (1, 2);
INSERT INTO STUDENT_SECTIONS (STUDENT_LIST_ID, SECTIONS_ID  ) VALUES (1, 3);
INSERT INTO STUDENT_SECTIONS (STUDENT_LIST_ID, SECTIONS_ID  ) VALUES (1, 4);
INSERT INTO STUDENT_SECTIONS (STUDENT_LIST_ID, SECTIONS_ID  ) VALUES (1, 5);
INSERT INTO STUDENT_SECTIONS (STUDENT_LIST_ID, SECTIONS_ID  ) VALUES (1, 6);

INSERT INTO STUDENT_SECTIONS (STUDENT_LIST_ID, SECTIONS_ID  ) VALUES (2, 1);
INSERT INTO STUDENT_SECTIONS (STUDENT_LIST_ID, SECTIONS_ID  ) VALUES (2, 3);
INSERT INTO STUDENT_SECTIONS (STUDENT_LIST_ID, SECTIONS_ID  ) VALUES (2, 4);
INSERT INTO STUDENT_SECTIONS (STUDENT_LIST_ID, SECTIONS_ID  ) VALUES (2, 5);
INSERT INTO STUDENT_SECTIONS (STUDENT_LIST_ID, SECTIONS_ID  ) VALUES (2, 6);

INSERT INTO STUDENT_SECTIONS (STUDENT_LIST_ID, SECTIONS_ID  ) VALUES (3, 1);
INSERT INTO STUDENT_SECTIONS (STUDENT_LIST_ID, SECTIONS_ID  ) VALUES (3, 6);
INSERT INTO STUDENT_SECTIONS (STUDENT_LIST_ID, SECTIONS_ID  ) VALUES (3, 3);
INSERT INTO STUDENT_SECTIONS (STUDENT_LIST_ID, SECTIONS_ID  ) VALUES (3, 4);
INSERT INTO STUDENT_SECTIONS (STUDENT_LIST_ID, SECTIONS_ID  ) VALUES (3, 5);

INSERT INTO STUDENT_SECTIONS (STUDENT_LIST_ID, SECTIONS_ID  ) VALUES (4, 2);
INSERT INTO STUDENT_SECTIONS (STUDENT_LIST_ID, SECTIONS_ID  ) VALUES (4, 3);
INSERT INTO STUDENT_SECTIONS (STUDENT_LIST_ID, SECTIONS_ID  ) VALUES (4, 4);
INSERT INTO STUDENT_SECTIONS (STUDENT_LIST_ID, SECTIONS_ID  ) VALUES (4, 5);
INSERT INTO STUDENT_SECTIONS (STUDENT_LIST_ID, SECTIONS_ID  ) VALUES (4, 6);



-- INSERT INTO ATTENDANCE (ID, DATE,	BLOCK_ID, STUDENT_ID  )  VALUES (1, '2018-08-04', 1, 1);
-- INSERT INTO ATTENDANCE (ID, DATE,	BLOCK_ID, STUDENT_ID  )  VALUES (2, '2018-08-05', 1, 1);
-- INSERT INTO ATTENDANCE (ID, DATE,	BLOCK_ID, STUDENT_ID  )  VALUES (3, '2018-08-06', 1, 1);
-- INSERT INTO ATTENDANCE (ID, DATE,	BLOCK_ID, STUDENT_ID  )  VALUES (4, '2018-08-07', 1, 1);
-- INSERT INTO ATTENDANCE (ID, DATE,	BLOCK_ID, STUDENT_ID  )  VALUES (5, '2018-08-08', 1, 1);
-- INSERT INTO ATTENDANCE (ID, DATE,	BLOCK_ID, STUDENT_ID  )  VALUES (6, '2018-08-04', 1, 2);
-- INSERT INTO ATTENDANCE (ID, DATE,	BLOCK_ID, STUDENT_ID  )  VALUES (7, '2018-08-05', 1, 2);


-- Fill The Places
INSERT INTO PLACE (ID,PLACE_ID,PLACE_NAME) VALUES (1 ,'DB', 'Dolby Hall');
INSERT INTO PLACE (ID,PLACE_ID,PLACE_NAME) VALUES (2 ,'AC', 'Art Center');
INSERT INTO PLACE (ID,PLACE_ID,PLACE_NAME) VALUES (3 ,'GD', 'Golden Dome');

